{
  "clubs": [
    {
      "id": "club1",
      "slug": "rayo-digital-fc",
      "name": "Rayo Digital FC",
      "logo": "https://ui-avatars.com/api/?name=RD&background=ef4444&color=fff&size=128&bold=true",
      "foundedYear": 2023,
      "stadium": "Estadio Cyber Arena",
      "budget": 25000000,
      "manager": "coach",
      "playStyle": "Posesión",
      "primaryColor": "#ef4444",
      "secondaryColor": "#000000",
      "description": "Club fundador de la Liga Master, conocido por su juego de posesión y formación de talento joven.",
      "titles": [
        { "id": "title1", "name": "Liga Master", "year": 2023, "type": "league" },
        { "id": "title2", "name": "Copa PES", "year": 2024, "type": "cup" }
      ],
      "reputation": 85,
      "fanBase": 10000,
      "morale": 75
    },
    {
      "id": "club2",
      "slug": "atletico-pixelado",
      "name": "Atlético Pixelado",
      "logo": "https://ui-avatars.com/api/?name=AP&background=3b82f6&color=fff&size=128&bold=true",
      "foundedYear": 2023,
      "stadium": "Pixel Arena",
      "budget": 22000000,
      "manager": "jackso",
      "playStyle": "Contraataque",
      "primaryColor": "#3b82f6",
      "secondaryColor": "#ffffff",
      "description": "Club histórico con un estilo de juego agresivo y rápido, especializado en contraataques letales.",
      "titles": [
        { "id": "title3", "name": "Supercopa Digital", "year": 2024, "type": "supercup" }
      ],
      "reputation": 80,
      "fanBase": 8500,
      "morale": 70
    },
    {
      "id": "club11",
      "slug": "real-madrid",
      "name": "Real Madrid",
      "logo": "https://upload.wikimedia.org/wikipedia/en/5/56/Real_Madrid_CF.svg",
      "foundedYear": 1902,
      "stadium": "Santiago Bernabéu",
      "budget": 60000000,
      "manager": "Ancelotti",
      "playStyle": "Posesión",
      "primaryColor": "#ffffff",
      "secondaryColor": "#00529f",
      "description": "Uno de los clubes más laureados del mundo, conocido por su estilo ofensivo y mentalidad ganadora.",
      "titles": [
        { "id": "title7", "name": "Liga", "year": 2024, "type": "league" },
        { "id": "title8", "name": "Champions", "year": 2024, "type": "cup" }
      ],
      "reputation": 95,
      "fanBase": 20000,
      "morale": 90
    },
    {
      "id": "club3",
      "slug": "defensores-del-lag",
      "name": "Defensores del Lag",
      "logo": "https://ui-avatars.com/api/?name=DL&background=a855f7&color=fff&size=128&bold=true",
      "foundedYear": 2023,
      "stadium": "Estadio Buffer",
      "budget": 18000000,
      "manager": "dtdefensor",
      "playStyle": "Defensivo",
      "primaryColor": "#a855f7",
      "secondaryColor": "#111111",
      "description": "Conocido por su sólida defensa y juego táctico. Difícil de vencer en casa.",
      "titles": [],
      "reputation": 75,
      "fanBase": 7200,
      "morale": 65
    },
    {
      "id": "club4",
      "slug": "neon-fc",
      "name": "Neón FC",
      "logo": "https://ui-avatars.com/api/?name=NFC&background=ec4899&color=fff&size=128&bold=true",
      "foundedYear": 2023,
      "stadium": "Estadio Luminoso",
      "budget": 23000000,
      "manager": "dtneon",
      "playStyle": "Ofensivo",
      "primaryColor": "#ec4899",
      "secondaryColor": "#00b3ff",
      "description": "Club con estilo de juego espectacular y ofensivo. Conocido por sus fichajes estrella.",
      "titles": [
        { "id": "title4", "name": "Liga Master", "year": 2024, "type": "league" }
      ],
      "reputation": 83,
      "fanBase": 9500,
      "morale": 80
    },
    {
      "id": "club5",
      "slug": "haxball-united",
      "name": "Haxball United",
      "logo": "https://ui-avatars.com/api/?name=HU&background=f97316&color=fff&size=128&bold=true",
      "foundedYear": 2023,
      "stadium": "Hax Stadium",
      "budget": 20000000,
      "manager": "dthax",
      "playStyle": "Equilibrado",
      "primaryColor": "#f97316",
      "secondaryColor": "#334155",
      "description": "Club que combina tradición y modernidad. Juego equilibrado y sólido en todas las líneas.",
      "titles": [],
      "reputation": 77,
      "fanBase": 8000,
      "morale": 68
    },
    {
      "id": "club6",
      "slug": "glitchers-404",
      "name": "Glitchers 404",
      "logo": "https://ui-avatars.com/api/?name=404&background=84cc16&color=fff&size=128&bold=true",
      "foundedYear": 2023,
      "stadium": "Error Arena",
      "budget": 17000000,
      "manager": "dtglitch",
      "playStyle": "Presión alta",
      "primaryColor": "#84cc16",
      "secondaryColor": "#1e293b",
      "description": "Club imprevisible conocido por su intensa presión y recuperación rápida del balón.",
      "titles": [
        { "id": "title5", "name": "Copa PES", "year": 2023, "type": "cup" }
      ],
      "reputation": 76,
      "fanBase": 7500,
      "morale": 72
    },
    {
      "id": "club7",
      "slug": "cyber-warriors",
      "name": "Cyber Warriors",
      "logo": "https://ui-avatars.com/api/?name=CW&background=06b6d4&color=fff&size=128&bold=true",
      "foundedYear": 2023,
      "stadium": "Cyber Fortress",
      "budget": 19000000,
      "manager": "dtcyber",
      "playStyle": "Tiki-Taka",
      "primaryColor": "#06b6d4",
      "secondaryColor": "#475569",
      "description": "Club con filosofía de toque y posesión extrema. Especialistas en dominar el centro del campo.",
      "titles": [],
      "reputation": 78,
      "fanBase": 7800,
      "morale": 77
    },
    {
      "id": "club8",
      "slug": "binary-strikers",
      "name": "Binary Strikers",
      "logo": "https://ui-avatars.com/api/?name=BS&background=7c3aed&color=fff&size=128&bold=true",
      "foundedYear": 2023,
      "stadium": "Binary Park",
      "budget": 21000000,
      "manager": "dtbinary",
      "playStyle": "Vertical",
      "primaryColor": "#7c3aed",
      "secondaryColor": "#334155",
      "description": "Equipo de juego vertical y directo. Especializado en transiciones rápidas y ataques por banda.",
      "titles": [],
      "reputation": 79,
      "fanBase": 8200,
      "morale": 74
    },
    {
      "id": "club9",
      "slug": "connection-fc",
      "name": "Connection FC",
      "logo": "https://ui-avatars.com/api/?name=CFC&background=eab308&color=fff&size=128&bold=true",
      "foundedYear": 2023,
      "stadium": "Server Stadium",
      "budget": 16000000,
      "manager": "dtconnect",
      "playStyle": "Contraataque",
      "primaryColor": "#eab308",
      "secondaryColor": "#0f172a",
      "description": "Club que espera al rival y aprovecha los espacios. Especialista en contragolpes letales.",
      "titles": [],
      "reputation": 74,
      "fanBase": 7000,
      "morale": 60
    },
    {
      "id": "club10",
      "slug": "pixel-galaxy",
      "name": "Pixel Galaxy",
      "logo": "https://ui-avatars.com/api/?name=PG&background=14b8a6&color=fff&size=128&bold=true",
      "foundedYear": 2023,
      "stadium": "Galactic Arena",
      "budget": 24000000,
      "manager": "dtgalaxy",
      "playStyle": "Total",
      "primaryColor": "#14b8a6",
      "secondaryColor": "#1e1e2e",
      "description": "Club ambicioso con un estilo de fútbol total. Excelente cantera y desarrollo de jugadores.",
      "titles": [
        { "id": "title6", "name": "Supercopa Digital", "year": 2023, "type": "supercup" }
      ],
      "reputation": 82,
      "fanBase": 9000,
      "morale": 85
    },
    {
      "id": "club12",
      "slug": "quantum-rangers",
      "name": "Quantum Rangers",
      "logo": "https://ui-avatars.com/api/?name=QR&background=ff5722&color=fff&size=128&bold=true",
      "foundedYear": 2023,
      "stadium": "Quantum Dome",
      "budget": 21000000,
      "manager": "dtquantum",
      "playStyle": "Presión",
      "primaryColor": "#ff5722",
      "secondaryColor": "#212121",
      "description": "Club experimental con énfasis en la analítica y la alta presión.",
      "titles": [],
      "reputation": 80,
      "fanBase": 7500,
      "morale": 70
    }
  ],
  "players": [
    {
      "id": 1,
      "number": 1,
      "name": "Juan Pérez",
      "position": "GK",
      "ovr": 82,
      "age": 28,
      "contractYears": 2,
      "salary": 5000
    },
    {
      "id": 2,
      "number": 9,
      "name": "Carlos Sánchez",
      "position": "ST",
      "ovr": 85,
      "age": 25,
      "contractYears": 3,
      "salary": 7000
    }
  ],
  "fixtures": [
    {
      "id": "match1",
      "category": "partido",
      "title": "Rayo Digital FC vs Atlético Pixelado",
      "start": "2025-02-02T18:00:00",
      "homeTeam": "Rayo Digital FC",
      "homeLogo": "https://ui-avatars.com/api/?name=RD&background=ef4444&color=fff&size=128&bold=true",
      "awayTeam": "Atlético Pixelado",
      "awayLogo": "https://ui-avatars.com/api/?name=AP&background=3b82f6&color=fff&size=128&bold=true",
      "venue": "Estadio Cyber Arena",
      "weather": "Soleado",
      "moral": "Alta"
    },
    {
      "id": "training1",
      "category": "entrenamiento",
      "title": "Entrenamiento matutino",
      "start": "2025-02-04T10:00:00",
      "venue": "Campo de entrenamiento",
      "weather": "Parcialmente nublado",
      "moral": "Media"
    },
    {
      "id": "finance1",
      "category": "finanzas",
      "title": "Revisión financiera",
      "start": "2025-02-10T12:00:00"
    },
    {
      "id": "match2",
      "category": "partido",
      "title": "Neón FC vs Rayo Digital FC",
      "start": "2025-02-12T20:00:00",
      "homeTeam": "Neón FC",
      "homeLogo": "https://ui-avatars.com/api/?name=NFC&background=ec4899&color=fff&size=128&bold=true",
      "awayTeam": "Rayo Digital FC",
      "awayLogo": "https://ui-avatars.com/api/?name=RD&background=ef4444&color=fff&size=128&bold=true",
      "venue": "Estadio Luminoso",
      "weather": "Lluvia",
      "moral": "Alta"
    },
    {
      "id": "match3",
      "category": "partido",
      "title": "Real Madrid vs Atlético Pixelado",
      "start": "2025-02-20T20:00:00",
      "homeTeam": "Real Madrid",
      "homeLogo": "https://ui-avatars.com/api/?name=RM&background=ffffff&color=000000&size=128&bold=true",
      "awayTeam": "Atlético Pixelado",
      "awayLogo": "https://ui-avatars.com/api/?name=AP&background=3b82f6&color=fff&size=128&bold=true",
      "venue": "Santiago Bernabéu",
      "weather": "Soleado",
      "moral": "Alta"
    },
    {
      "id": "marketEnd",
      "category": "mercado",
      "title": "Fin de mercado",
      "start": "2025-02-15"
    }
  ]
}
