[
  {
    "month": "Ene",
    "income": 120000,
    "expenses": 90000
  },
  {
    "month": "Feb",
    "income": 95000,
    "expenses": 85000
  },
  {
    "month": "Mar",
    "income": 110000,
    "expenses": 97000
  },
  {
    "month": "Abr",
    "income": 130000,
    "expenses": 99000
  },
  {
    "month": "May",
    "income": 140000,
    "expenses": 105000
  },
  {
    "month": "Jun",
    "income": 150000,
    "expenses": 110000
  },
  {
    "month": "Jul",
    "income": 115000,
    "expenses": 95000
  },
  {
    "month": "Ago",
    "income": 120000,
    "expenses": 96000
  },
  {
    "month": "Sep",
    "income": 125000,
    "expenses": 98000
  },
  {
    "month": "Oct",
    "income": 135000,
    "expenses": 100000
  },
  {
    "month": "Nov",
    "income": 145000,
    "expenses": 103000
  },
  {
    "month": "Dic",
    "income": 155000,
    "expenses": 108000
  }
]